text,expected_otp
"113244 is SECRET otp for txns on EMI card ending 0534 .,BFL",113244
Your OTP is 937683. Do not share it with anyone.,937683
Your OTP is 214426. Do not share it with anyone.,214426
Use 26420 as your OTP to login. Rapido!.,26420
Authentication code: 91196. Keep it safe.,91196
Please enter 848954 to complete your authentication.,848954
Enter 456148 OTP to verify your account,456148
779204 is your verification number for access.,779204
Please enter 237450 to complete your authentication.,237450
Your one-time password (OTP) is 712824. Valid for 10 minutes.,712824
"Hi, your verification PIN is 515958.",515958
Enter 716507 OTP to verify your account,716507
Please enter 521277 to complete your authentication.,521277
Please enter 873837 to complete your authentication.,873837
"Hi, your verification PIN is 599076.",599076
Enter 631707 OTP to verify your account,631707
Your OTP is 992143. Do not share it with anyone.,992143
Your OTP is 347994. Do not share it with anyone.,347994
Your OTP is 242773. Do not share it with anyone.,242773
"Hi, your verification PIN is 124655.",124655
Use 313713 as your OTP to login. Rapido!.,313713
Enter 134370 OTP to verify your account,134370
Your one-time password (OTP) is 206225. Valid for 10 minutes.,206225
Use 597799 as your OTP to login. Rapido!.,597799
656853 is the code to authorize your transaction.,656853
850355 is your verification number for access.,850355
378027 is the code to authorize your transaction.,378027
Use 841534 as your OTP to login. Rapido!.,841534
Enter 596900 OTP to verify your account,596900
Your OTP is 907299. Do not share it with anyone.,907299
Use 546073 as your OTP to login. Rapido!.,546073
Use 634120 as your OTP to login. Rapido!.,634120
1037 is your verification number for access.,1037
Use 121280 as your OTP to login. Rapido!.,121280
Please enter 654959 to complete your authentication.,654959
"Hi, your verification PIN is 845750.",845750
Your OTP is 755075. Do not share it with anyone.,755075
"Hi, your verification PIN is 109639.",109639
Your one-time password (OTP) is 316508. Valid for 10 minutes.,316508
Please enter 144028 to complete your authentication.,144028
"Hi, your verification PIN is 590351.",590351
542342 is your verification number for access.,542342
Please enter 736652 to complete your authentication.,736652
Your OTP is 776278. Do not share it with anyone.,776278
Enter 708173 OTP to verify your account,708173
Authentication code: 128341. Keep it safe.,128341
939530 is your verification number for access.,939530
93724 is your verification number for access.,93724
Enter 947392 OTP to verify your account,947392
66814 is your verification number for access.,66814
358261 is your verification number for access.,358261
Use 907484 as your OTP to login. Rapido!.,907484
461197 is the code to authorize your transaction.,461197
895877 is your verification number for access.,895877
623859 - confirmation code for secure access.,623859
"Hi, your verification PIN is 733667.",733667
969413 is your verification number for access.,969413
Your OTP is 636996. Do not share it with anyone.,636996
463976 - confirmation code for secure access.,463976
Use 40235 as your OTP to login. Rapido!.,40235
Use 263651 as your OTP to login. Rapido!.,263651
Authentication code: 669357. Keep it safe.,669357
Authentication code: 65934. Keep it safe.,65934
793528 is the code to authorize your transaction.,793528
764534 is the code to authorize your transaction.,764534
111553 is your verification number for access.,111553
Please enter 810231 to complete your authentication.,810231
Please enter 340381 to complete your authentication.,340381
"Hi, your verification PIN is 524694.",524694
Use 698576 as your OTP to login. Rapido!.,698576
Use 968181 as your OTP to login. Rapido!.,968181
28705 is the code to authorize your transaction.,28705
Enter 957886 OTP to verify your account,957886
Your OTP is 484691. Do not share it with anyone.,484691
Your one-time password (OTP) is 595822. Valid for 10 minutes.,595822
Your OTP is 48371. Do not share it with anyone.,48371
Use 496523 as your OTP to login. Rapido!.,496523
Please enter 916636 to complete your authentication.,916636
"Hi, your verification PIN is 2055.",2055
Use 337759 as your OTP to login. Rapido!.,337759
Use 243959 as your OTP to login. Rapido!.,243959
Enter 944462 OTP to verify your account,944462
31955 is your verification number for access.,31955
Authentication code: 374801. Keep it safe.,374801
526179 - confirmation code for secure access.,526179
Use 917431 as your OTP to login. Rapido!.,917431
Enter 410599 OTP to verify your account,410599
Please enter 584499 to complete your authentication.,584499
396972 is your verification number for access.,396972
Authentication code: 366004. Keep it safe.,366004
Authentication code: 618456. Keep it safe.,618456
732663 - confirmation code for secure access.,732663
272818 is your verification number for access.,272818
Enter 814063 OTP to verify your account,814063
Enter 605020 OTP to verify your account,605020
636271 is your verification number for access.,636271
"Hi, your verification PIN is 395812.",395812
"Hi, your verification PIN is 72523.",72523
969335 is the code to authorize your transaction.,969335
Your one-time password (OTP) is 292860. Valid for 10 minutes.,292860
750923 is your verification number for access.,750923
"Hi, your verification PIN is 356772.",356772
Authentication code: 369959. Keep it safe.,369959
688781 is your verification number for access.,688781
648469 is the code to authorize your transaction.,648469
Your OTP is 71852. Do not share it with anyone.,71852
725139 - confirmation code for secure access.,725139
"Hi, your verification PIN is 593910.",593910
Your one-time password (OTP) is 103130. Valid for 10 minutes.,103130
Your OTP is 869797. Do not share it with anyone.,869797
Use 279479 as your OTP to login. Rapido!.,279479
Your OTP is 459669. Do not share it with anyone.,459669
Your OTP is 161483. Do not share it with anyone.,161483
Authentication code: 670396. Keep it safe.,670396
Your OTP is 658916. Do not share it with anyone.,658916
981393 is your verification number for access.,981393
Use 289321 as your OTP to login. Rapido!.,289321
Your OTP is 692281. Do not share it with anyone.,692281
Your one-time password (OTP) is 808814. Valid for 10 minutes.,808814
762593 is the code to authorize your transaction.,762593
Authentication code: 660443. Keep it safe.,660443
Please enter 562425 to complete your authentication.,562425
Please enter 685219 to complete your authentication.,685219
Please enter 196617 to complete your authentication.,196617
476745 - confirmation code for secure access.,476745
27518 is your verification number for access.,27518
600569 is the code to authorize your transaction.,600569
Use 966313 as your OTP to login. Rapido!.,966313
Enter 649124 OTP to verify your account,649124
Please enter 312345 to complete your authentication.,312345
647460 is your verification number for access.,647460
Enter 972954 OTP to verify your account,972954
Please enter 453432 to complete your authentication.,453432
Please enter 459648 to complete your authentication.,459648
Authentication code: 841257. Keep it safe.,841257
Your one-time password (OTP) is 646092. Valid for 10 minutes.,646092
450946 is your verification number for access.,450946
Use 972592 as your OTP to login. Rapido!.,972592
Your one-time password (OTP) is 778725. Valid for 10 minutes.,778725
Enter 167082 OTP to verify your account,167082
Your OTP is 574028. Do not share it with anyone.,574028
Authentication code: 644830. Keep it safe.,644830
"Hi, your verification PIN is 364629.",364629
Enter 31990 OTP to verify your account,31990
Authentication code: 973238. Keep it safe.,973238
"Hi, your verification PIN is 117320.",117320
Use 910051 as your OTP to login. Rapido!.,910051
Use 214660 as your OTP to login. Rapido!.,214660
167779 - confirmation code for secure access.,167779
Enter 879012 OTP to verify your account,879012
Your one-time password (OTP) is 884981. Valid for 10 minutes.,884981
823378 is the code to authorize your transaction.,823378
Authentication code: 663113. Keep it safe.,663113
Use 529751 as your OTP to login. Rapido!.,529751
Your OTP is 98795. Do not share it with anyone.,98795
105415 is your verification number for access.,105415
543404 is your verification number for access.,543404
423700 - confirmation code for secure access.,423700
764481 is your verification number for access.,764481
986023 is the code to authorize your transaction.,986023
"Hi, your verification PIN is 211083.",211083
Enter 778691 OTP to verify your account,778691
Enter 180071 OTP to verify your account,180071
Please enter 859311 to complete your authentication.,859311
Your OTP is 156363. Do not share it with anyone.,156363
854009 is the code to authorize your transaction.,854009
487501 is the code to authorize your transaction.,487501
Use 732541 as your OTP to login. Rapido!.,732541
411191 is the code to authorize your transaction.,411191
Your OTP is 409346. Do not share it with anyone.,409346
222018 - confirmation code for secure access.,222018
Enter 26854 OTP to verify your account,26854
Please enter 260214 to complete your authentication.,260214
Authentication code: 350682. Keep it safe.,350682
Use 284298 as your OTP to login. Rapido!.,284298
Your OTP is 89771. Do not share it with anyone.,89771
Your OTP is 483576. Do not share it with anyone.,483576
Enter 486289 OTP to verify your account,486289
Your OTP is 703629. Do not share it with anyone.,703629
133053 is the code to authorize your transaction.,133053
57136 is the code to authorize your transaction.,57136
Your one-time password (OTP) is 921445. Valid for 10 minutes.,921445
Authentication code: 944626. Keep it safe.,944626
Enter 652050 OTP to verify your account,652050
392235 is your verification number for access.,392235
Enter 609512 OTP to verify your account,609512
Please enter 825843 to complete your authentication.,825843
"Hi, your verification PIN is 298189.",298189
Authentication code: 126961. Keep it safe.,126961
Your one-time password (OTP) is 609738. Valid for 10 minutes.,609738
Use 59356 as your OTP to login. Rapido!.,59356
194785 is your verification number for access.,194785
Your OTP is 154350. Do not share it with anyone.,154350
130180 is the code to authorize your transaction.,130180
Authentication code: 902055. Keep it safe.,902055
"Hi, your verification PIN is 715416.",715416
Authentication code: 273914. Keep it safe.,273914
Enter 883608 OTP to verify your account,883608
Please enter 861116 to complete your authentication.,861116
508216 is your verification number for access.,508216
315492 is the code to authorize your transaction.,315492
Your one-time password (OTP) is 504805. Valid for 10 minutes.,504805
466374 is the code to authorize your transaction.,466374
Use 304509 as your OTP to login. Rapido!.,304509
"Hi, your verification PIN is 618363.",618363
Your one-time password (OTP) is 386183. Valid for 10 minutes.,386183
Enter 525957 OTP to verify your account,525957
167004 - confirmation code for secure access.,167004
Your OTP is 291354. Do not share it with anyone.,291354
"Hi, your verification PIN is 926288.",926288
"Hi, your verification PIN is 147070.",147070
Your OTP is 467070. Do not share it with anyone.,467070
Authentication code: 36739. Keep it safe.,36739
Authentication code: 497846. Keep it safe.,497846
Your OTP is 180018. Do not share it with anyone.,180018
Enter 160903 OTP to verify your account,160903
Please enter 43942 to complete your authentication.,43942
Your one-time password (OTP) is 839635. Valid for 10 minutes.,839635
"Hi, your verification PIN is 834966.",834966
Use 303262 as your OTP to login. Rapido!.,303262
697590 is your verification number for access.,697590
Enter 655096 OTP to verify your account,655096
Your one-time password (OTP) is 549600. Valid for 10 minutes.,549600
489969 is your verification number for access.,489969
973274 is your verification number for access.,973274
"Hi, your verification PIN is 9739.",9739
Use 303418 as your OTP to login. Rapido!.,303418
"Hi, your verification PIN is 319395.",319395
Authentication code: 758830. Keep it safe.,758830
953220 - confirmation code for secure access.,953220
Authentication code: 589155. Keep it safe.,589155
Your OTP is 448818. Do not share it with anyone.,448818
Enter 65329 OTP to verify your account,65329
"Hi, your verification PIN is 447772.",447772
233548 - confirmation code for secure access.,233548
Please enter 735169 to complete your authentication.,735169
Your one-time password (OTP) is 551472. Valid for 10 minutes.,551472
399828 is the code to authorize your transaction.,399828
Your OTP is 96352. Do not share it with anyone.,96352
Please enter 647412 to complete your authentication.,647412
"Hi, your verification PIN is 17349.",17349
Authentication code: 297765. Keep it safe.,297765
202512 is your verification number for access.,202512
Your OTP is 130431. Do not share it with anyone.,130431
Your OTP is 370366. Do not share it with anyone.,370366
546341 - confirmation code for secure access.,546341
Authentication code: 44096. Keep it safe.,44096
Please enter 325348 to complete your authentication.,325348
Your one-time password (OTP) is 438564. Valid for 10 minutes.,438564
Authentication code: 411020. Keep it safe.,411020
932130 - confirmation code for secure access.,932130
955547 - confirmation code for secure access.,955547
Authentication code: 875692. Keep it safe.,875692
Your one-time password (OTP) is 184450. Valid for 10 minutes.,184450
"Hi, your verification PIN is 943901.",943901
Enter 288230 OTP to verify your account,288230
Use 670760 as your OTP to login. Rapido!.,670760
204258 is the code to authorize your transaction.,204258
Use 781523 as your OTP to login. Rapido!.,781523
Please enter 377879 to complete your authentication.,377879
606640 is the code to authorize your transaction.,606640
Enter 919649 OTP to verify your account,919649
89150 - confirmation code for secure access.,89150
129934 is the code to authorize your transaction.,129934
595188 - confirmation code for secure access.,595188
6337 is the code to authorize your transaction.,6337
Your one-time password (OTP) is 513089. Valid for 10 minutes.,513089
Your OTP is 448011. Do not share it with anyone.,448011
Your one-time password (OTP) is 41230. Valid for 10 minutes.,41230
Use 277648 as your OTP to login. Rapido!.,277648
Use 741777 as your OTP to login. Rapido!.,741777
341669 is the code to authorize your transaction.,341669
520640 is your verification number for access.,520640
Enter 513824 OTP to verify your account,513824
125562 is the code to authorize your transaction.,125562
Your one-time password (OTP) is 698557. Valid for 10 minutes.,698557
"Hi, your verification PIN is 995444.",995444
Please enter 169099 to complete your authentication.,169099
Your OTP is 945764. Do not share it with anyone.,945764
442508 - confirmation code for secure access.,442508
141173 is the code to authorize your transaction.,141173
Your OTP is 299739. Do not share it with anyone.,299739
Please enter 117041 to complete your authentication.,117041
Please enter 927496 to complete your authentication.,927496
7092 - confirmation code for secure access.,7092
Use 138801 as your OTP to login. Rapido!.,138801
Your OTP is 114119. Do not share it with anyone.,114119
133250 is your verification number for access.,133250
Enter 361836 OTP to verify your account,361836
"Hi, your verification PIN is 209050.",209050
699698 is the code to authorize your transaction.,699698
Please enter 736005 to complete your authentication.,736005
Your one-time password (OTP) is 907144. Valid for 10 minutes.,907144
Use 295795 as your OTP to login. Rapido!.,295795
527236 is the code to authorize your transaction.,527236
641785 is your verification number for access.,641785
139722 is the code to authorize your transaction.,139722
348300 - confirmation code for secure access.,348300
Use 241526 as your OTP to login. Rapido!.,241526
660457 is your verification number for access.,660457
Use 320071 as your OTP to login. Rapido!.,320071
283324 - confirmation code for secure access.,283324
295184 - confirmation code for secure access.,295184
747151 is the code to authorize your transaction.,747151
808889 is your verification number for access.,808889
Enter 717137 OTP to verify your account,717137
Your OTP is 102593. Do not share it with anyone.,102593
Use 320141 as your OTP to login. Rapido!.,320141
382242 - confirmation code for secure access.,382242
"Hi, your verification PIN is 995394.",995394
Your one-time password (OTP) is 194818. Valid for 10 minutes.,194818
Authentication code: 198833. Keep it safe.,198833
106656 is the code to authorize your transaction.,106656
Your one-time password (OTP) is 495988. Valid for 10 minutes.,495988
Your one-time password (OTP) is 223274. Valid for 10 minutes.,223274
693511 - confirmation code for secure access.,693511
Your OTP is 1561. Do not share it with anyone.,1561
Your OTP is 191580. Do not share it with anyone.,191580
Your OTP is 939586. Do not share it with anyone.,939586
259965 - confirmation code for secure access.,259965
Authentication code: 953612. Keep it safe.,953612
Your one-time password (OTP) is 53326. Valid for 10 minutes.,53326
145408 - confirmation code for secure access.,145408
573344 is your verification number for access.,573344
Your one-time password (OTP) is 105849. Valid for 10 minutes.,105849
Please enter 898859 to complete your authentication.,898859
179501 - confirmation code for secure access.,179501
Your one-time password (OTP) is 500917. Valid for 10 minutes.,500917
Your OTP is 115488. Do not share it with anyone.,115488
544810 is the code to authorize your transaction.,544810
"Hi, your verification PIN is 637955.",637955
Enter 290329 OTP to verify your account,290329
Authentication code: 186225. Keep it safe.,186225
199652 is the code to authorize your transaction.,199652
Your one-time password (OTP) is 204352. Valid for 10 minutes.,204352
768559 is the code to authorize your transaction.,768559
681129 is the code to authorize your transaction.,681129
Your OTP is 103564. Do not share it with anyone.,103564
286830 - confirmation code for secure access.,286830
"Hi, your verification PIN is 56739.",56739
533599 - confirmation code for secure access.,533599
527584 is the code to authorize your transaction.,527584
158936 is the code to authorize your transaction.,158936
Please enter 678741 to complete your authentication.,678741
Please enter 117478 to complete your authentication.,117478
Your OTP is 121783. Do not share it with anyone.,121783
Your OTP is 939536. Do not share it with anyone.,939536
Authentication code: 528685. Keep it safe.,528685
Your OTP is 482035. Do not share it with anyone.,482035
843942 - confirmation code for secure access.,843942
Please enter 146936 to complete your authentication.,146936
"Hi, your verification PIN is 475602.",475602
22838 is your verification number for access.,22838
449709 - confirmation code for secure access.,449709
"Hi, your verification PIN is 699384.",699384
Your OTP is 149723. Do not share it with anyone.,149723
"Hi, your verification PIN is 349290.",349290
175740 is your verification number for access.,175740
Please enter 876937 to complete your authentication.,876937
Enter 551784 OTP to verify your account,551784
176431 is your verification number for access.,176431
Use 813915 as your OTP to login. Rapido!.,813915
156084 is the code to authorize your transaction.,156084
Your OTP is 764589. Do not share it with anyone.,764589
Enter 284049 OTP to verify your account,284049
Use 508882 as your OTP to login. Rapido!.,508882
Authentication code: 813149. Keep it safe.,813149
Enter 935671 OTP to verify your account,935671
316761 - confirmation code for secure access.,316761
Use 715544 as your OTP to login. Rapido!.,715544
868958 - confirmation code for secure access.,868958
266852 - confirmation code for secure access.,266852
"Hi, your verification PIN is 696634.",696634
Your one-time password (OTP) is 573223. Valid for 10 minutes.,573223
771509 - confirmation code for secure access.,771509
99820 is your verification number for access.,99820
Your OTP is 302967. Do not share it with anyone.,302967
Authentication code: 741140. Keep it safe.,741140
Your one-time password (OTP) is 365519. Valid for 10 minutes.,365519
Your one-time password (OTP) is 748841. Valid for 10 minutes.,748841
Use 163568 as your OTP to login. Rapido!.,163568
Enter 698644 OTP to verify your account,698644
Enter 824408 OTP to verify your account,824408
Your one-time password (OTP) is 627040. Valid for 10 minutes.,627040
Authentication code: 182720. Keep it safe.,182720
457986 - confirmation code for secure access.,457986
Authentication code: 844453. Keep it safe.,844453
441932 is the code to authorize your transaction.,441932
"Hi, your verification PIN is 449443.",449443
492130 - confirmation code for secure access.,492130
529288 - confirmation code for secure access.,529288
728851 - confirmation code for secure access.,728851
"Hi, your verification PIN is 553150.",553150
101707 is your verification number for access.,101707
Your one-time password (OTP) is 922406. Valid for 10 minutes.,922406
395228 is the code to authorize your transaction.,395228
"Hi, your verification PIN is 973154.",973154
Authentication code: 312777. Keep it safe.,312777
Use 320811 as your OTP to login. Rapido!.,320811
Your one-time password (OTP) is 210215. Valid for 10 minutes.,210215
Enter 437535 OTP to verify your account,437535
263165 is your verification number for access.,263165
Please enter 150573 to complete your authentication.,150573
Authentication code: 454038. Keep it safe.,454038
Use 963865 as your OTP to login. Rapido!.,963865
Your one-time password (OTP) is 604172. Valid for 10 minutes.,604172
Please enter 180337 to complete your authentication.,180337
Please enter 520225 to complete your authentication.,520225
Please enter 894978 to complete your authentication.,894978
Your one-time password (OTP) is 770575. Valid for 10 minutes.,770575
411945 is the code to authorize your transaction.,411945
734491 is the code to authorize your transaction.,734491
Authentication code: 926473. Keep it safe.,926473
Please enter 289840 to complete your authentication.,289840
Use 558980 as your OTP to login. Rapido!.,558980
Use 251365 as your OTP to login. Rapido!.,251365
Please enter 107225 to complete your authentication.,107225
Please enter 305928 to complete your authentication.,305928
692396 is your verification number for access.,692396
"Hi, your verification PIN is 375545.",375545
Please enter 33405 to complete your authentication.,33405
Your one-time password (OTP) is 965893. Valid for 10 minutes.,965893
Your one-time password (OTP) is 937413. Valid for 10 minutes.,937413
Use 949083 as your OTP to login. Rapido!.,949083
444089 is the code to authorize your transaction.,444089
261810 is the code to authorize your transaction.,261810
979253 - confirmation code for secure access.,979253
"Hi, your verification PIN is 34697.",34697
Authentication code: 203212. Keep it safe.,203212
Enter 25157 OTP to verify your account,25157
Use 129643 as your OTP to login. Rapido!.,129643
684200 is your verification number for access.,684200
Enter 259281 OTP to verify your account,259281
Enter 283234 OTP to verify your account,283234
Your OTP is 959120. Do not share it with anyone.,959120
Please enter 665316 to complete your authentication.,665316
31310 is the code to authorize your transaction.,31310
"Hi, your verification PIN is 69637.",69637
580989 is the code to authorize your transaction.,580989
"Hi, your verification PIN is 334799.",334799
Use 615646 as your OTP to login. Rapido!.,615646
Please enter 355820 to complete your authentication.,355820
Enter 956769 OTP to verify your account,956769
"Hi, your verification PIN is 2049.",2049
294033 is the code to authorize your transaction.,294033
Enter 761294 OTP to verify your account,761294
871840 is your verification number for access.,871840
OTP 675723 .OTP login Bajaj Finserv Digital Properties confidential. Bajaj Finserv Employee call ask OTP.PLEASE SHARE ANYONE. requested OTP please call us 020-39574200,675723
Use 316242 as your OTP to login. Rapido!.,316242
Use 591433 as your OTP to login. Rapido!.,591433
Enter 170257 OTP to verify your account,170257
Your OTP is 474685. Do not share it with anyone.,474685
Your OTP is 295976. Do not share it with anyone.,295976
Please enter 369488 to complete your authentication.,369488
264076 is the code to authorize your transaction.,264076
564646 is the code to authorize your transaction.,564646
Authentication code: 320409. Keep it safe.,320409
"Hi, your verification PIN is 979852.",979852
"Hi, your verification PIN is 427504.",427504
"Hi, your verification PIN is 246637.",246637
Please enter 848684 to complete your authentication.,848684
Your one-time password (OTP) is 656608. Valid for 10 minutes.,656608
Authentication code: 856932. Keep it safe.,856932
Use 201814 as your OTP to login. Rapido!.,201814
714612 - confirmation code for secure access.,714612
Your one-time password (OTP) is 667023. Valid for 10 minutes.,667023
Your one-time password (OTP) is 796262. Valid for 10 minutes.,796262
Your OTP is 467173. Do not share it with anyone.,467173
Please enter 389477 to complete your authentication.,389477
"Hi, your verification PIN is 131824.",131824
Your OTP is 186793. Do not share it with anyone.,186793
376354 is the code to authorize your transaction.,376354
Authentication code: 868661. Keep it safe.,868661
371141 is the code to authorize your transaction.,371141
Your OTP is 233281. Do not share it with anyone.,233281
927869 - confirmation code for secure access.,927869
530342 - confirmation code for secure access.,530342
Authentication code: 222092. Keep it safe.,222092
Please enter 177358 to complete your authentication.,177358
Enter 392438 OTP to verify your account,392438
214340 is your verification number for access.,214340
Enter 88984 OTP to verify your account,88984
Authentication code: 287578. Keep it safe.,287578
Your OTP is 1569. Do not share it with anyone.,1569
537603 is your verification number for access.,537603
289016 - confirmation code for secure access.,289016
100740 is the code to authorize your transaction.,100740
"Hi, your verification PIN is 73827.",73827
Your OTP is 677096. Do not share it with anyone.,677096
42020 - confirmation code for secure access.,42020
"Hi, your verification PIN is 225156.",225156
Enter 963628 OTP to verify your account,963628
883526 is the code to authorize your transaction.,883526
299179 is your verification number for access.,299179
"Hi, your verification PIN is 5872.",5872
Authentication code: 19702. Keep it safe.,19702
Your one-time password (OTP) is 23301. Valid for 10 minutes.,23301
Authentication code: 248906. Keep it safe.,248906
620887 is the code to authorize your transaction.,620887
Enter 39805 OTP to verify your account,39805
Use 420791 as your OTP to login. Rapido!.,420791
752622 - confirmation code for secure access.,752622
Your OTP is 129244. Do not share it with anyone.,129244
856524 - confirmation code for secure access.,856524
Your one-time password (OTP) is 784369. Valid for 10 minutes.,784369
Authentication code: 445320. Keep it safe.,445320
"Hi, your verification PIN is 455527.",455527
"Hi, your verification PIN is 758135.",758135
Please enter 833673 to complete your authentication.,833673
Your one-time password (OTP) is 759386. Valid for 10 minutes.,759386
791303 - confirmation code for secure access.,791303
304300 is your verification number for access.,304300
631645 - confirmation code for secure access.,631645
Authentication code: 870659. Keep it safe.,870659
Enter 614583 OTP to verify your account,614583
180938 is the code to authorize your transaction.,180938
Your OTP is 50334. Do not share it with anyone.,50334
Your one-time password (OTP) is 261400. Valid for 10 minutes.,261400
Your OTP is 523873. Do not share it with anyone.,523873
"Hi, your verification PIN is 53072.",53072
Please enter 208775 to complete your authentication.,208775
334219 - confirmation code for secure access.,334219
716267 is the code to authorize your transaction.,716267
602828 is the code to authorize your transaction.,602828
Use 993237 as your OTP to login. Rapido!.,993237
Authentication code: 292554. Keep it safe.,292554
Enter 108919 OTP to verify your account,108919
Please enter 553874 to complete your authentication.,553874
Please enter 632035 to complete your authentication.,632035
Your one-time password (OTP) is 405321. Valid for 10 minutes.,405321
Use 589922 as your OTP to login. Rapido!.,589922
Please enter 943401 to complete your authentication.,943401
596034 - confirmation code for secure access.,596034
288745 is the code to authorize your transaction.,288745
Use 126052 as your OTP to login. Rapido!.,126052
475779 is your verification number for access.,475779
Your OTP is 381632. Do not share it with anyone.,381632
Use 705900 as your OTP to login. Rapido!.,705900
"Hi, your verification PIN is 936929.",936929
569096 is your verification number for access.,569096
Your one-time password (OTP) is 192542. Valid for 10 minutes.,192542
Please enter 615496 to complete your authentication.,615496
Authentication code: 252262. Keep it safe.,252262
Please enter 55398 to complete your authentication.,55398
Use 988315 as your OTP to login. Rapido!.,988315
271463 is the code to authorize your transaction.,271463
937389 - confirmation code for secure access.,937389
150380 is the code to authorize your transaction.,150380
Your OTP is 528054. Do not share it with anyone.,528054
104540 - confirmation code for secure access.,104540
Your OTP is 29491. Do not share it with anyone.,29491
342092 is your verification number for access.,342092
Authentication code: 62775. Keep it safe.,62775
712572 is your verification number for access.,712572
999417 is the code to authorize your transaction.,999417
Your one-time password (OTP) is 162719. Valid for 10 minutes.,162719
Use 806625 as your OTP to login. Rapido!.,806625
313501 is the code to authorize your transaction.,313501
Enter 517926 OTP to verify your account,517926
"Hi, your verification PIN is 199595.",199595
Your OTP is 605876. Do not share it with anyone.,605876
Authentication code: 499312. Keep it safe.,499312
820304 is the code to authorize your transaction.,820304
300212 is your verification number for access.,300212
Use 121213 as your OTP to login. Rapido!.,121213
Your OTP is 565814. Do not share it with anyone.,565814
Enter 127126 OTP to verify your account,127126
"Hi, your verification PIN is 155569.",155569
814166 is your verification number for access.,814166
Enter 929222 OTP to verify your account,929222
Authentication code: 327304. Keep it safe.,327304
684362 - confirmation code for secure access.,684362
Your OTP is 387746. Do not share it with anyone.,387746
Your OTP is 220242. Do not share it with anyone.,220242
Authentication code: 949444. Keep it safe.,949444
"Hi, your verification PIN is 295394.",295394
Use 270670 as your OTP to login. Rapido!.,270670
333799 is the code to authorize your transaction.,333799
Enter 26225 OTP to verify your account,26225
190276 is the code to authorize your transaction.,190276
357470 is the code to authorize your transaction.,357470
Your OTP is 904845. Do not share it with anyone.,904845
"Hi, your verification PIN is 48168.",48168
Authentication code: 422315. Keep it safe.,422315
637333 - confirmation code for secure access.,637333
Enter 847118 OTP to verify your account,847118
Use 466808 as your OTP to login. Rapido!.,466808
Authentication code: 258201. Keep it safe.,258201
Please enter 289319 to complete your authentication.,289319
Your OTP is 189474. Do not share it with anyone.,189474
945019 - confirmation code for secure access.,945019
"Hi, your verification PIN is 594246.",594246
Your one-time password (OTP) is 601896. Valid for 10 minutes.,601896
"Hi, your verification PIN is 438859.",438859
Authentication code: 697781. Keep it safe.,697781
Authentication code: 94653. Keep it safe.,94653
157219 - confirmation code for secure access.,157219
Your one-time password (OTP) is 772660. Valid for 10 minutes.,772660
Enter 789938 OTP to verify your account,789938
Use 404752 as your OTP to login. Rapido!.,404752
Your OTP is 283368. Do not share it with anyone.,283368
Use 565271 as your OTP to login. Rapido!.,565271
800502 is the code to authorize your transaction.,800502
"Hi, your verification PIN is 939756.",939756
Enter 434232 OTP to verify your account,434232
706383 is your verification number for access.,706383
Your OTP is 5487. Do not share it with anyone.,5487
"Hi, your verification PIN is 639359.",639359
Your OTP is 678844. Do not share it with anyone.,678844
959417 is your verification number for access.,959417
Your OTP is 345412. Do not share it with anyone.,345412
Authentication code: 483134. Keep it safe.,483134
Please enter 359224 to complete your authentication.,359224
695447 - confirmation code for secure access.,695447
Please enter 287275 to complete your authentication.,287275
"Hi, your verification PIN is 790256.",790256
Use 826549 as your OTP to login. Rapido!.,826549
430526 is the code to authorize your transaction.,430526
245131 is the code to authorize your transaction.,245131
Enter 356465 OTP to verify your account,356465
"Hi, your verification PIN is 530283.",530283
Your OTP is 71846. Do not share it with anyone.,71846
575134 - confirmation code for secure access.,575134
Use 3187 as your OTP to login. Rapido!.,3187
"Hi, your verification PIN is 859914.",859914
227053 is your verification number for access.,227053
Your one-time password (OTP) is 933244. Valid for 10 minutes.,933244
Your one-time password (OTP) is 983327. Valid for 10 minutes.,983327
Your OTP is 443244. Do not share it with anyone.,443244
Authentication code: 150044. Keep it safe.,150044
140260 is your verification number for access.,140260
"Hi, your verification PIN is 799678.",799678
"Hi, your verification PIN is 49045.",49045
"Hi, your verification PIN is 700631.",700631
Enter 649758 OTP to verify your account,649758
Please enter 90288 to complete your authentication.,90288
Enter 676192 OTP to verify your account,676192
Use 589297 as your OTP to login. Rapido!.,589297
Your one-time password (OTP) is 600780. Valid for 10 minutes.,600780
Your OTP is 742561. Do not share it with anyone.,742561
909018 is your verification number for access.,909018
Enter 598944 OTP to verify your account,598944
Use 678292 as your OTP to login. Rapido!.,678292
327720 is your verification number for access.,327720
Authentication code: 612999. Keep it safe.,612999
Use 412907 as your OTP to login. Rapido!.,412907
Your OTP is 35261. Do not share it with anyone.,35261
5359 is the code to authorize your transaction.,5359
323328 is the code to authorize your transaction.,323328
Your one-time password (OTP) is 281608. Valid for 10 minutes.,281608
Your one-time password (OTP) is 533216. Valid for 10 minutes.,533216
Please enter 821192 to complete your authentication.,821192
8974 - confirmation code for secure access.,8974
433993 is the code to authorize your transaction.,433993
"Hi, your verification PIN is 368645.",368645
Please enter 707007 to complete your authentication.,707007
Please enter 451908 to complete your authentication.,451908
299873 is the code to authorize your transaction.,299873
Enter 171558 OTP to verify your account,171558
813000 is your verification number for access.,813000
Enter 441586 OTP to verify your account,441586
Please enter 230242 to complete your authentication.,230242
Your OTP is 103179. Do not share it with anyone.,103179
Authentication code: 670952. Keep it safe.,670952
"Hi, your verification PIN is 666104.",666104
473445 is your verification number for access.,473445
Your OTP is 758371. Do not share it with anyone.,758371
Enter 276568 OTP to verify your account,276568
120125 is the code to authorize your transaction.,120125
524706 - confirmation code for secure access.,524706
Your one-time password (OTP) is 665909. Valid for 10 minutes.,665909
28521 is your verification number for access.,28521
97437 - confirmation code for secure access.,97437
829909 - confirmation code for secure access.,829909
"Hi, your verification PIN is 815617.",815617
Please enter 223162 to complete your authentication.,223162
894077 is the code to authorize your transaction.,894077
Your one-time password (OTP) is 701144. Valid for 10 minutes.,701144
Your OTP is 846016. Do not share it with anyone.,846016
Authentication code: 528812. Keep it safe.,528812
"Hi, your verification PIN is 105545.",105545
Enter 973269 OTP to verify your account,973269
Authentication code: 787372. Keep it safe.,787372
"Hi, your verification PIN is 109711.",109711
647195 is the code to authorize your transaction.,647195
Your OTP is 94992. Do not share it with anyone.,94992
Use 92876 as your OTP to login. Rapido!.,92876
Use 984461 as your OTP to login. Rapido!.,984461
Authentication code: 737197. Keep it safe.,737197
579381 is the code to authorize your transaction.,579381
Please enter 121063 to complete your authentication.,121063
"Hi, your verification PIN is 898940.",898940
Use 997725 as your OTP to login. Rapido!.,997725
Authentication code: 179688. Keep it safe.,179688
333892 - confirmation code for secure access.,333892
Authentication code: 860868. Keep it safe.,860868
Enter 882610 OTP to verify your account,882610
980180 is your verification number for access.,980180
"Hi, your verification PIN is 941049.",941049
15875 is your verification number for access.,15875
340458 - confirmation code for secure access.,340458
848825 is your verification number for access.,848825
"Hi, your verification PIN is 665327.",665327
394482 - confirmation code for secure access.,394482
221511 is the code to authorize your transaction.,221511
Use 511150 as your OTP to login. Rapido!.,511150
Use 434843 as your OTP to login. Rapido!.,434843
Your OTP is 515889. Do not share it with anyone.,515889
Use 410783 as your OTP to login. Rapido!.,410783
Please enter 958055 to complete your authentication.,958055
519253 - confirmation code for secure access.,519253
Use 98283 as your OTP to login. Rapido!.,98283
275721 is your verification number for access.,275721
Your one-time password (OTP) is 149725. Valid for 10 minutes.,149725
Authentication code: 692710. Keep it safe.,692710
Authentication code: 662875. Keep it safe.,662875
Your OTP is 897332. Do not share it with anyone.,897332
123900 - confirmation code for secure access.,123900
Your one-time password (OTP) is 281589. Valid for 10 minutes.,281589
88496 is your verification number for access.,88496
Please enter 146295 to complete your authentication.,146295
31930 - confirmation code for secure access.,31930
Please enter 121364 to complete your authentication.,121364
227813 - confirmation code for secure access.,227813
Your one-time password (OTP) is 189540. Valid for 10 minutes.,189540
11632 is your verification number for access.,11632
676738 is the code to authorize your transaction.,676738
Enter 869415 OTP to verify your account,869415
631134 is the code to authorize your transaction.,631134
227636 - confirmation code for secure access.,227636
Please enter 220952 to complete your authentication.,220952
Authentication code: 713641. Keep it safe.,713641
Authentication code: 580604. Keep it safe.,580604
392246 is your verification number for access.,392246
482111 is the code to authorize your transaction.,482111
119887 is your verification number for access.,119887
803245 - confirmation code for secure access.,803245
Enter 447535 OTP to verify your account,447535
458049 is the code to authorize your transaction.,458049
Authentication code: 203019. Keep it safe.,203019
369814 - confirmation code for secure access.,369814
"Hi, your verification PIN is 681433.",681433
"Hi, your verification PIN is 734287.",734287
Use 527474 as your OTP to login. Rapido!.,527474
Your one-time password (OTP) is 941210. Valid for 10 minutes.,941210
Your one-time password (OTP) is 17977. Valid for 10 minutes.,17977
854309 - confirmation code for secure access.,854309
16069 - confirmation code for secure access.,16069
435166 is the code to authorize your transaction.,435166
583735 is the code to authorize your transaction.,583735
Please enter 505967 to complete your authentication.,505967
Enter 743479 OTP to verify your account,743479
Your one-time password (OTP) is 208488. Valid for 10 minutes.,208488
370364 is the code to authorize your transaction.,370364
584480 - confirmation code for secure access.,584480
50359 is the code to authorize your transaction.,50359
Enter 889990 OTP to verify your account,889990
688120 is your verification number for access.,688120
"Hi, your verification PIN is 743929.",743929
Your one-time password (OTP) is 798429. Valid for 10 minutes.,798429
539891 - confirmation code for secure access.,539891
Enter 799598 OTP to verify your account,799598
Authentication code: 219797. Keep it safe.,219797
110612 - confirmation code for secure access.,110612
"Hi, your verification PIN is 198045.",198045
491891 is the code to authorize your transaction.,491891
Please enter 14765 to complete your authentication.,14765
Please enter 64194 to complete your authentication.,64194
"Hi, your verification PIN is 79794.",79794
Use 729723 as your OTP to login. Rapido!.,729723
Please enter 692515 to complete your authentication.,692515
111793 is your verification number for access.,111793
230412 - confirmation code for secure access.,230412
"Hi, your verification PIN is 405305.",405305
Authentication code: 911015. Keep it safe.,911015
475628 - confirmation code for secure access.,475628
Enter 695037 OTP to verify your account,695037
Your one-time password (OTP) is 684592. Valid for 10 minutes.,684592
Use 393125 as your OTP to login. Rapido!.,393125
931924 is the code to authorize your transaction.,931924
472233 is your verification number for access.,472233
263241 is your verification number for access.,263241
Please enter 968152 to complete your authentication.,968152
993315 is the code to authorize your transaction.,993315
Enter 458244 OTP to verify your account,458244
"Hi, your verification PIN is 490730.",490730
Use 654169 as your OTP to login. Rapido!.,654169
637795 is the code to authorize your transaction.,637795
Please enter 451167 to complete your authentication.,451167
595691 - confirmation code for secure access.,595691
818380 - confirmation code for secure access.,818380
391032 is your verification number for access.,391032
689866 - confirmation code for secure access.,689866
Please enter 77168 to complete your authentication.,77168
Please enter 376122 to complete your authentication.,376122
451244 is your verification number for access.,451244
189643 - confirmation code for secure access.,189643
Your OTP is 335064. Do not share it with anyone.,335064
Use 32394 as your OTP to login. Rapido!.,32394
Enter 867843 OTP to verify your account,867843
Authentication code: 308729. Keep it safe.,308729
616377 is the code to authorize your transaction.,616377
Your one-time password (OTP) is 537196. Valid for 10 minutes.,537196
Your OTP is 933655. Do not share it with anyone.,933655
"Hi, your verification PIN is 30974.",30974
Your one-time password (OTP) is 197114. Valid for 10 minutes.,197114
"Hi, your verification PIN is 938529.",938529
Your OTP is 253248. Do not share it with anyone.,253248
885028 - confirmation code for secure access.,885028
Use 518300 as your OTP to login. Rapido!.,518300
"Hi, your verification PIN is 313941.",313941
Your OTP is 117185. Do not share it with anyone.,117185
Your one-time password (OTP) is 994153. Valid for 10 minutes.,994153
Your one-time password (OTP) is 79687. Valid for 10 minutes.,79687
Authentication code: 346326. Keep it safe.,346326
Use 237800 as your OTP to login. Rapido!.,237800
"Hi, your verification PIN is 811175.",811175
295169 - confirmation code for secure access.,295169
"Hi, your verification PIN is 502142.",502142
Authentication code: 253207. Keep it safe.,253207
Enter 548108 OTP to verify your account,548108
Use 701695 as your OTP to login. Rapido!.,701695
Use 746937 as your OTP to login. Rapido!.,746937
"Hi, your verification PIN is 668841.",668841
Authentication code: 790614. Keep it safe.,790614
335844 is your verification number for access.,335844
126725 is your verification number for access.,126725
"Hi, your verification PIN is 612795.",612795
970784 is your verification number for access.,970784
284023 is your verification number for access.,284023
831081 is the code to authorize your transaction.,831081
Authentication code: 984253. Keep it safe.,984253
Your OTP is 108734. Do not share it with anyone.,108734
Your OTP is 235896. Do not share it with anyone.,235896
"Hi, your verification PIN is 155444.",155444
Use 782216 as your OTP to login. Rapido!.,782216
Please enter 877129 to complete your authentication.,877129
Use 919758 as your OTP to login. Rapido!.,919758
Use 680878 as your OTP to login. Rapido!.,680878
Authentication code: 998714. Keep it safe.,998714
Your one-time password (OTP) is 173172. Valid for 10 minutes.,173172
292334 is the code to authorize your transaction.,292334
Use 198083 as your OTP to login. Rapido!.,198083
818911 is the code to authorize your transaction.,818911
Please enter 539406 to complete your authentication.,539406
Authentication code: 518806. Keep it safe.,518806
Your OTP is 866553. Do not share it with anyone.,866553
Enter 371157 OTP to verify your account,371157
Your one-time password (OTP) is 277626. Valid for 10 minutes.,277626
Your OTP is 273302. Do not share it with anyone.,273302
Your OTP is 6181. Do not share it with anyone.,6181
Enter 856792 OTP to verify your account,856792
760282 - confirmation code for secure access.,760282
Please enter 93292 to complete your authentication.,93292
238336 is your verification number for access.,238336
339542 is the code to authorize your transaction.,339542
Use 146473 as your OTP to login. Rapido!.,146473
Please enter 196937 to complete your authentication.,196937
Enter 736203 OTP to verify your account,736203
584283 - confirmation code for secure access.,584283
"138337 is your otp to verify your mobile for CSC services, valid only for 30 mins. Maandhan. Team CSC",138337
<#> Your otp is:562534 at 08:23:43 PM on 25-12-2021 for Recurring Deposit Opening. DO NOT SHARE THE otp WITH ANYONE. BANK NEVER CALLS TO VERIFY otp -Karnataka Bank ologVzY+Y5V,562534
<#> Your otp is:829671 at 08:23:43 PM on 25-12-2021 for Recurring Deposit Opening. DO NOT SHARE THE otp WITH ANYONE. BANK NEVER CALLS TO VERIFY otp -Karnataka Bank ologVzY+Y5V,829671
<#> Your otp is:951324 at 12:57:00 PM on 28-12-2021 for Recurring Deposit Opening. DO NOT SHARE THE otp WITH ANYONE. BANK NEVER CALLS TO VERIFY otp -Karnataka Bank ologVzY+Y5V,951324
"Dear Customer, your otp for Bajaj Finserv app login is 528746. Please do not share it with others. O3ndgNZUtXq",528746
"<#>692241 is your otp for activating SIB Mirror+ application. Please keep this otp confidential. If not generated by you, please call 18004251809.O+JQ2N8/kGY",692241
"<#>197899 is your otp for activating SIB Mirror+ application. Please keep this otp confidential. If not generated by you, please call 18004251809.O+JQ2N8/kGY",197899
"<#>253386 is your otp for activating SIB Mirror+ application. Please keep this otp confidential. If not generated by you, please call 18004251809.O+JQ2N8/kGY",253386
<#>189197 is the Onetime Password (otp) for your Workex login. g7jD1+EsOQQ,189197
<#>686593 is the Onetime Password (otp) for your Workex login. g7jD1+EsOQQ,686593
<#> Your otp is:931004 at 12:34:27 PM on 13-01-2022 for Recurring Deposit Opening. DO NOT SHARE THE otp WITH ANYONE. BANK NEVER CALLS TO VERIFY otp -Karnataka Bank ologVzY+Y5V,931004
<#>136805 is the Onetime Password (otp) for your Workex login. g7jD1+EsOQQ,136805
"<#>205658 is your otp for activating SIB Mirror+ application. Please keep this otp confidential. If not generated by you, please call 18004251809.O+JQ2N8/kGY",205658
<#> Your otp is:637952 at 11:54:17 PM on 26-12-2021 for Recurring Deposit Opening. DO NOT SHARE THE otp WITH ANYONE. BANK NEVER CALLS TO VERIFY otp -Karnataka Bank ologVzY+Y5V,637952
<#> Your otp is:969511 at 08:25:31 PM on 25-12-2021 for Recurring Deposit Opening. DO NOT SHARE THE otp WITH ANYONE. BANK NEVER CALLS TO VERIFY otp -Karnataka Bank ologVzY+Y5V,969511
<#> Your otp is:440579 at 08:25:31 PM on 25-12-2021 for Recurring Deposit Opening. DO NOT SHARE THE otp WITH ANYONE. BANK NEVER CALLS TO VERIFY otp -Karnataka Bank ologVzY+Y5V,440579
<#> Your otp is:843290 at 08:25:31 PM on 25-12-2021 for Recurring Deposit Opening. DO NOT SHARE THE otp WITH ANYONE. BANK NEVER CALLS TO VERIFY otp -Karnataka Bank ologVzY+Y5V,843290
<#> Your otp is:161943 at 11:43:15 PM on 25-12-2021 for Recurring Deposit Opening. DO NOT SHARE THE otp WITH ANYONE. BANK NEVER CALLS TO VERIFY otp -Karnataka Bank ologVzY+Y5V,161943
<#> Your otp is:913342 at 11:43:15 PM on 25-12-2021 for Recurring Deposit Opening. DO NOT SHARE THE otp WITH ANYONE. BANK NEVER CALLS TO VERIFY otp -Karnataka Bank ologVzY+Y5V,913342
<#> Your otp is:900728 at 11:43:15 PM on 25-12-2021 for Recurring Deposit Opening. DO NOT SHARE THE otp WITH ANYONE. BANK NEVER CALLS TO VERIFY otp -Karnataka Bank ologVzY+Y5V,900728
<#> Your otp is:622040 at 10:57:08 AM on 16-01-2022 for Card Less Cash. DO NOT SHARE THE otp WITH ANYONE. BANK NEVER CALLS TO VERIFY otp -Karnataka Bank ologVzY+Y5V,622040
<#> Your otp is:624402 at 11:51:43 PM on 26-12-2021 for Nominee Modification. DO NOT SHARE THE otp WITH ANYONE. BANK NEVER CALLS TO VERIFY otp -Karnataka Bank ologVzY+Y5V,624402
"<#>251507 is your otp for activating SIB Mirror+ application. Please keep this otp confidential. If not generated by you, please call 18004251809.O+JQ2N8/kGY",251507
<#> Your otp is:704303 at 11:00:48 AM on 16-01-2022 for Card Less Cash. DO NOT SHARE THE otp WITH ANYONE. BANK NEVER CALLS TO VERIFY otp -Karnataka Bank ologVzY+Y5V,704303
<#> Your otp is:492893 at 11:43:44 PM on 25-12-2021 for Recurring Deposit Opening. DO NOT SHARE THE otp WITH ANYONE. BANK NEVER CALLS TO VERIFY otp -Karnataka Bank ologVzY+Y5V,492893
<#> Your otp is:912930 at 11:43:44 PM on 25-12-2021 for Recurring Deposit Opening. DO NOT SHARE THE otp WITH ANYONE. BANK NEVER CALLS TO VERIFY otp -Karnataka Bank ologVzY+Y5V,912930
- Never share otp. Your otp to link Paytm Account to Airtel: 126238. Not You? Report https://ap.p-y.tm/ketLwD -,126238
"534332 is your otp to verify your mobile for CSC services, valid only for 30 mins. Maandhan. Team CSC",534332
Please enter 145935 to complete your authentication.,145935
"Hi, your verification PIN is 757383.",757383
"Hi, your verification PIN is 577023.",577023
Use 966637 as your OTP to login. Rapido!.,966637
497947 is your verification number for access.,497947
402798 is the code to authorize your transaction.,402798
Enter 381002 OTP to verify your account,381002
Your OTP is 892913. Do not share it with anyone.,892913
Please enter 4005 to complete your authentication.,4005
247617 - confirmation code for secure access.,247617
Use 738246 as your OTP to login. Rapido!.,738246
Your OTP is 828175. Do not share it with anyone.,828175
Authentication code: 553542. Keep it safe.,553542
610184 is the code to authorize your transaction.,610184
Enter 565917 OTP to verify your account,565917
Use 404310 as your OTP to login. Rapido!.,404310
Please enter 563259 to complete your authentication.,563259
Please enter 815316 to complete your authentication.,815316
Enter 517530 OTP to verify your account,517530
"<#>569658 is your otp for activating SIB Mirror+ application. Please keep this otp confidential. If not generated by you, please call 18004251809.O+JQ2N8/kGY",569658
"<#>780759 is your otp for activating SIB Mirror+ application. Please keep this otp confidential. If not generated by you, please call 18004251809.O+JQ2N8/kGY",780759
<#> Your otp is:162930 at 12:34:27 PM on 13-01-2022 for Recurring Deposit Opening. DO NOT SHARE THE otp WITH ANYONE. BANK NEVER CALLS TO VERIFY otp -Karnataka Bank ologVzY+Y5V,162930
<#> Your otp is:807934 at 10:57:08 AM on 16-01-2022 for Card Less Cash. DO NOT SHARE THE otp WITH ANYONE. BANK NEVER CALLS TO VERIFY otp -Karnataka Bank ologVzY+Y5V,807934
<#> Your otp is:448147 at 12:57:00 PM on 28-12-2021 for Recurring Deposit Opening. DO NOT SHARE THE otp WITH ANYONE. BANK NEVER CALLS TO VERIFY otp -Karnataka Bank ologVzY+Y5V,448147
"731774 is SECRET otp for txns on EMI card ending 0534 .,BFL",731774
465146 is your One Time Password (otp) and is valid for 10 minutes. Generated at 13/11/2021 04:56 PM.Finserv MARKETS@www.bajajfinservmarkets.in #465146,465146
<#> Your otp is:463366 at 01:03:52 PM on 02-03-2022 for Recurring Deposit Opening. DO NOT SHARE THE otp WITH ANYONE. BANK NEVER CALLS TO VERIFY otp -Karnataka Bank ologVzY+Y5V,463366
- Never share otp. Your otp to link Paytm Account to Flipkart: 887713. Not You? Report https://ap.p-y.tm/fSlWYX -,887713
"667120 is your One-Time Password, valid for 3 minutes only. Please Do not share your otp with anyone.",667120
Google verification code 663765 Message ID: f6f01vO3FNp,663765
"<#>928880 is your otp for activating SIB Mirror+ application. Please keep this otp confidential. If not generated by you, please call 18004251809.O+JQ2N8/kGY",928880
328626 is the One Time Password(otp) for remitter registration. PLS Do Not Share The otp With Anyone DIGIPE,328626
527731 is your One Time Password. Do not share this otp with anyone. :PPBL,527731
"624493 is your otp to verify your mobile for CSC services, valid only for 30 mins. Maandhan. Team CSC",624493
"606461 is your otp to verify your mobile for CSC services, valid only for 30 mins. Maandhan. Team CSC",606461
"933579 is your otp to verify your mobile for CSC services, valid only for 30 mins. Maandhan. Team CSC",933579
937314 is the otp for txn of at on your Debit Card ending 4265 valid for 5 mins. Please do not share otp with anyone.-Canara Bank,937314
408465 is the otp for txn of at on your Debit Card ending 4265 valid for 5 mins. Please do not share otp with anyone.-Canara Bank,408465
935241 is the otp for txn of at on your Debit Card ending 4265 valid for 5 mins. Please do not share otp with anyone.-Canara Bank,935241
270250 is the One Time Password(otp) for remitter registration. PLS Do Not Share The otp With Anyone DIGIPE,270250
"Dear Customer, otp to approve transaction of Rs. 4500 from your A/c No. ending 2483 to Zomato Ltd is 34037008. Do not share with anyone. -SBI",34037008
"741554 is the otp for Kotak Bank branch appointment booking and is valid for 2 minutes. Do not share the otp with anyone, including bank officials.",741554
302990 is your CoinSwitch Kuber otp. Please do not share this code with anyone else. 8gsqSjfCPmn - CoinSwitch Kuber,302990
"603393 is the One Time Password (otp) for activation of Airtel Mobile number 7387090694 .Please verify the details filled in the form before sharing otp.This otp certifies that you agree to the terms and conditions of Airtel Digital SIM Activation process and be treated as your signature on CAF. For details, visit https://www.airtel.in/mobile/terms-conditions",603393
"948133 is the One Time Password (otp) for activation of Airtel Mobile number 7387090694 .Please verify the details filled in the form before sharing otp.This otp certifies that you agree to the terms and conditions of Airtel Digital SIM Activation process and be treated as your signature on CAF. For details, visit https://www.airtel.in/mobile/terms-conditions",948133
536151 is the otp to login to your Kuku FM account. +PfBnXoNS9LY -KukuFM,536151
"876022 is the One Time Password (otp) for activation of Airtel Mobile number 9054386443.Please verify the details filled in the form before sharing otp.This otp certifies that you agree to the terms and conditions of Airtel Digital SIM Activation process and be treated as your signature on CAF.For details, visit https://www.airtel.in/mobile/terms-conditions",876022
"439008 is the One Time Password (otp) for activation of Airtel Mobile number 9054386443.Please verify the details filled in the form before sharing otp.This otp certifies that you agree to the terms and conditions of Airtel Digital SIM Activation process and be treated as your signature on CAF.For details, visit https://www.airtel.in/mobile/terms-conditions",439008
110513 is your otp for ADDING the Airtel Payment Bank BENEFICIARY. Vikram Parida PAYTM PAYMENTS BANK LTD A/c: XXXXXXXX7646.,110513
162423 is your otp for ADDING the Airtel Payment Bank BENEFICIARY. Vikram Parida PAYTM PAYMENTS BANK LTD A/c: XXXXXXXX7646.,162423
<#> Your otp is:393615 at 12:57:00 PM on 28-12-2021 for Recurring Deposit Opening. DO NOT SHARE THE otp WITH ANYONE. BANK NEVER CALLS TO VERIFY otp -Karnataka Bank ologVzY+Y5V,393615
<#> Your otp is:654707 at 01:03:52 PM on 02-03-2022 for Recurring Deposit Opening. DO NOT SHARE THE otp WITH ANYONE. BANK NEVER CALLS TO VERIFY otp -Karnataka Bank ologVzY+Y5V,654707
"563126 is SECRET otp for txns on EMI card ending 0534 .,BFL",563126
<#> Your otp is:928256 at 01:03:52 PM on 02-03-2022 for Recurring Deposit Opening. DO NOT SHARE THE otp WITH ANYONE. BANK NEVER CALLS TO VERIFY otp -Karnataka Bank ologVzY+Y5V,928256
"721300 is your One-Time Password, valid for 3 minutes only. Please Do not share your otp with anyone.",721300
"391245 is SECRET otp for txns on EMI card ending 0534 .,BFL",391245
Use OTP 306001 log Swiggy account. share OTP number anyone including Swiggy personnel,306001
<#> Your otp is:320868 at 12:00:22 AM on 26-12-2021 for Recurring Deposit Opening. DO NOT SHARE THE otp WITH ANYONE. BANK NEVER CALLS TO VERIFY otp -Karnataka Bank ologVzY+Y5V,320868
<#> Your otp is:803141 at 11:00:48 AM on 16-01-2022 for Card Less Cash. DO NOT SHARE THE otp WITH ANYONE. BANK NEVER CALLS TO VERIFY otp -Karnataka Bank ologVzY+Y5V,803141
<#> Your otp is:588948 at 11:51:43 PM on 26-12-2021 for Nominee Modification. DO NOT SHARE THE otp WITH ANYONE. BANK NEVER CALLS TO VERIFY otp -Karnataka Bank ologVzY+Y5V,588948
"<#>219863 is your otp for activating SIB Mirror+ application. Please keep this otp confidential. If not generated by you, please call 18004251809.O+JQ2N8/kGY",219863
733338 is the otp for your transaction +916284040166. This is valid for 05 mins . Please don't share with anyone. -Socialswag,733338
792041 is the otp for your transaction +916284040166. This is valid for 05 mins . Please don't share with anyone. -Socialswag,792041
<#>Paytm never calls for otp. Do not share it with anyone. Paytm For Business Login otp: 949323. Not You? Report https://ap.p-y.tm/vcRAVY ID: cIWSokveyWr,949323
<#>Paytm never calls for otp. Do not share it with anyone. Paytm For Business Login otp: 158510. Not You? Report https://ap.p-y.tm/bKnMSL ID: cIWSokveyWr,158510
<#> Your otp is:853022 at 11:55:29 PM on 26-12-2021 for Recurring Deposit Opening. DO NOT SHARE THE otp WITH ANYONE. BANK NEVER CALLS TO VERIFY otp -Karnataka Bank ologVzY+Y5V,853022
<#> Your otp is:688481 at 12:00:22 AM on 26-12-2021 for Recurring Deposit Opening. DO NOT SHARE THE otp WITH ANYONE. BANK NEVER CALLS TO VERIFY otp -Karnataka Bank ologVzY+Y5V,688481
<#> Your otp is:876677 at 08:23:43 PM on 25-12-2021 for Recurring Deposit Opening. DO NOT SHARE THE otp WITH ANYONE. BANK NEVER CALLS TO VERIFY otp -Karnataka Bank ologVzY+Y5V,876677
<#> Your otp is:521693 at 03:08:17 PM on 13-01-2022 for Card Less Cash. DO NOT SHARE THE otp WITH ANYONE. BANK NEVER CALLS TO VERIFY otp -Karnataka Bank ologVzY+Y5V,521693
<#> Your otp is:959927 at 03:08:17 PM on 13-01-2022 for Card Less Cash. DO NOT SHARE THE otp WITH ANYONE. BANK NEVER CALLS TO VERIFY otp -Karnataka Bank ologVzY+Y5V,959927
<#> Your otp is:298162 at 03:08:17 PM on 13-01-2022 for Card Less Cash. DO NOT SHARE THE otp WITH ANYONE. BANK NEVER CALLS TO VERIFY otp -Karnataka Bank ologVzY+Y5V,298162
<#> Your otp is:319643 at 11:52:56 PM on 26-12-2021 for Nominee Modification. DO NOT SHARE THE otp WITH ANYONE. BANK NEVER CALLS TO VERIFY otp -Karnataka Bank ologVzY+Y5V,319643
<#> Your otp is:271572 at 11:52:56 PM on 26-12-2021 for Nominee Modification. DO NOT SHARE THE otp WITH ANYONE. BANK NEVER CALLS TO VERIFY otp -Karnataka Bank ologVzY+Y5V,271572
<#> Your otp is:780557 at 11:52:56 PM on 26-12-2021 for Nominee Modification. DO NOT SHARE THE otp WITH ANYONE. BANK NEVER CALLS TO VERIFY otp -Karnataka Bank ologVzY+Y5V,780557
<#> Your otp is:843194 at 12:57:32 PM on 28-12-2021 for Recurring Deposit Opening. DO NOT SHARE THE otp WITH ANYONE. BANK NEVER CALLS TO VERIFY otp -Karnataka Bank ologVzY+Y5V,843194
<#> Your otp is:129348 at 12:57:32 PM on 28-12-2021 for Recurring Deposit Opening. DO NOT SHARE THE otp WITH ANYONE. BANK NEVER CALLS TO VERIFY otp -Karnataka Bank ologVzY+Y5V,129348
<#> Your otp is:744067 at 11:55:29 PM on 26-12-2021 for Recurring Deposit Opening. DO NOT SHARE THE otp WITH ANYONE. BANK NEVER CALLS TO VERIFY otp -Karnataka Bank ologVzY+Y5V,744067
631973 - confirmation code for secure access.,631973
Use 851100 as your OTP to login. Rapido!.,851100
379387 is your verification number for access.,379387
Please enter 744810 to complete your authentication.,744810
610918 is the code to authorize your transaction.,610918
171832 is your verification number for access.,171832
858210 is the code to authorize your transaction.,858210
Authentication code: 721756. Keep it safe.,721756
Use 197972 as your OTP to login. Rapido!.,197972
Use 831116 as your OTP to login. Rapido!.,831116
Your OTP is 15152. Do not share it with anyone.,15152
Authentication code: 985191. Keep it safe.,985191
281658 is your verification number for access.,281658
Use 808526 as your OTP to login. Rapido!.,808526
Please enter 139599 to complete your authentication.,139599
Your OTP is 801530. Do not share it with anyone.,801530
Use 895141 as your OTP to login. Rapido!.,895141
Your OTP is 867713. Do not share it with anyone.,867713
397230 is the code to authorize your transaction.,397230
Use 633599 as your OTP to login. Rapido!.,633599
Your OTP is 144960. Do not share it with anyone.,144960
Enter 106102 OTP to verify your account,106102
478127 is the code to authorize your transaction.,478127
Please enter 448107 to complete your authentication.,448107
Use 151494 as your OTP to login. Rapido!.,151494
Use 22722 as your OTP to login. Rapido!.,22722
"Hi, your verification PIN is 285261.",285261
Please enter 282850 to complete your authentication.,282850
232356 - confirmation code for secure access.,232356
816565 is your verification number for access.,816565
"Hi, your verification PIN is 857526.",857526
Authentication code: 504762. Keep it safe.,504762
Your OTP is 940090. Do not share it with anyone.,940090
125099 - confirmation code for secure access.,125099
646604 - confirmation code for secure access.,646604
